customerId,recommendedProducts
10016,1|2|7|14|0|21|5|20|78|61
10018,2|0|11|5|17|14|9|50|8|23
10104,1|9|216|4|7|114|64|63|20|45
10159,1|2|15|14|7|21|5|272|8|0
10209,2|1|5|16|14|17|21|15|8|47
10222,1|2|14|294|128|5|6|129|220|16
10268,2|0|14|31|5|21|36|7|20|9
10269,1|2|14|8|77|50|44|15|36|9
10285,2|62|20|1|14|25|13|16|67|188
1037,2|0|20|5|14|25|16|17|8|21
10382,2|284|1|14|25|16|24|77|20|0
10410,1|294|128|4|2|26|15|65|43|17
1042,1|2|14|20|25|16|246|44|15|24
1043,5|14|23|15|8|7|20|12|13|16
10444,2|5|0|14|15|56|30|31|21|24
10500,1|2|20|14|7|5|25|17|44|21
10526,2|0|5|47|30|59|17|7|14|60
10544,1|2|5|20|21|15|7|17|8|173
10545,1|20|25|2|7|13|135|24|11|14
10550,2|14|21|17|13|7|20|59|47|15
1057,14|5|13|7|0|21|47|20|19|59
10656,7|1|9|13|4|42|2|65|24|20
10663,2|20|5|15|8|14|7|17|12|13
10688,2|31|7|5|0|17|60|30|14|21
10710,8|36|38|2|48|1|62|17|70|14
1073,2|23|5|29|14|21|17|15|19|12
10748,1|2|14|20|16|12|17|21|25|7
10754,8|36|79|48|164|5|1|11|15|12
10820,187|2|1|14|49|61|3|17|47|5
10838,2|179|106|19|8|264|44|96|61|14
10844,1|2|5|20|81|15|55|12|14|13
1085,2|1|14|16|35|5|15|13|7|46
10850,1|2|21|12|73|5|14|15|16|7
10871,2|5|0|7|14|9|12|20|8|15
10884,36|38|79|2|194|5|14|15|21|17
1090,2|0|5|7|14|104|44|16|15|13
1091,5|21|17|15|19|47|7|0|8|35
10921,2|21|1|19|5|195|14|96|8|61
10923,136|78|1|152|2|225|21|141|14|97
1093,5|14|0|17|21|16|7|15|44|20
10948,2|5|0|14|21|7|16|17|15|44
10951,2|1|14|17|20|21|8|15|7|16
10973,164|11|2|80|114|23|123|3|29|188
10975,2|14|0|5|20|36|8|35|17|221
11,2|5|15|35|21|7|11|13|17|0
11013,157|200|1|2|20|166|21|290|42|150
11015,2|1|14|15|9|7|8|20|16|25
11081,86|1|2|5|13|14|21|17|7|15
11096,91|2|113|14|136|192|21|46|11|8
11102,2|15|12|5|14|0|16|1|20|36
1111,1|2|20|8|17|14|5|44|11|61
11119,2|1|23|29|21|14|15|5|8|221
11122,2|1|7|17|14|56|4|11|20|24
11134,269|2|1|17|33|20|193|14|5|21
11167,45|9|50|237|63|133|140|218|290|198
11215,2|1|20|5|14|7|15|11|12|81
1127,14|0|17|47|15|39|19|76|7|16
11281,1|4|121|2|7|30|0|147|14|13
1130,1|2|107|5|15|16|21|7|35|17
11321,1|2|14|5|146|39|12|41|68|86
11330,1|7|2|77|84|0|52|24|14|56
11350,2|1|5|106|298|15|21|17|14|47
1137,11|14|7|29|5|21|20|15|8|17
11379,1|26|2|10|113|15|50|77|154|7
1139,1|181|148|14|15|5|21|44|8|11
11392,2|1|5|14|248|7|15|56|20|36
11397,246|0|2|7|13|15|66|5|31|39
1143,2|79|14|11|15|17|16|0|23|35
11433,49|2|1|190|9|14|25|20|15|7
11459,5|14|21|19|8|0|17|7|13|47
11468,1|14|5|15|21|16|39|17|8|0
11489,8|2|36|5|79|1|14|15|21|20
1149,1|14|5|173|15|19|33|21|8|47
11500,43|1|57|2|7|77|5|4|14|63
11523,1|284|2|20|14|211|7|9|25|24
11528,50|9|1|7|291|2|133|42|63|101
11555,2|1|14|5|20|36|7|8|0|16
1156,2|1|29|14|5|107|20|7|15|78
11570,190|279|219|2|8|14|79|38|36|1
11591,1|25|2|7|4|13|20|16|14|5
11679,20|2|14|8|15|7|25|1|17|110
11744,148|170|2|1|15|124|82|3|173|21
1175,1|17|14|21|76|15|59|16|0|19
1178,11|107|2|25|1|14|7|16|9|5
1182,2|1|5|14|21|17|8|44|0|106
11830,2|5|0|17|14|20|15|24|56|30
11837,2|1|25|9|7|26|14|11|83|20
11899,36|2|1|8|15|12|35|14|16|48
11932,2|5|14|0|7|21|163|20|15|44
11985,2|1|20|25|5|12|268|15|166|14
11995,1|2|5|14|47|8|0|16|79|19
12,20|2|1|15|12|8|14|25|5|16
12051,1|2|7|136|15|78|9|14|5|8
12096,1|2|14|291|0|20|16|25|36|7
121,1|15|5|0|7|16|20|36|13|11
12122,2|1|25|14|16|23|24|9|7|0
12142,172|206|135|25|287|1|2|89|5|16
122,1|14|0|7|15|20|21|25|16|11
12221,2|1|14|8|7|36|20|0|16|25
12225,284|2|1|14|20|87|7|16|13|25
1223,14|107|185|0|5|21|19|39|3|16
12253,1|2|9|14|50|15|21|5|17|0
12278,1|50|2|63|45|20|77|14|282|31
12286,36|2|194|14|1|20|25|5|13|35
123,2|17|14|15|23|0|29|20|7|16
12321,48|38|36|79|1|14|5|21|15|44
12371,2|0|5|21|14|106|15|17|7|8
12422,2|1|17|14|16|21|7|11|44|15
12432,4|52|13|2|65|7|157|44|43|20
12448,85|2|123|1|14|25|5|12|4|187
1245,2|5|14|21|15|0|50|9|17|11
12458,1|2|9|7|5|14|13|4|15|11
12464,133|1|2|7|50|77|9|14|42|57
12521,231|7|9|77|1|24|22|2|4|25
12525,1|81|17|21|15|33|19|47|76|8
12532,2|14|7|9|5|0|15|20|21|31
12535,2|1|14|13|9|25|20|35|16|36
12553,2|0|21|5|14|17|20|19|15|112
12577,2|26|1|7|14|15|75|0|220|11
12578,2|239|1|15|36|39|17|5|44|13
12590,23|29|80|114|2|1|107|5|25|14
12641,1|2|5|9|7|20|93|36|157|8
1267,1|5|16|15|7|49|20|21|8|13
12683,2|5|0|14|21|17|12|15|81|8
1270,79|48|38|2|194|20|1|14|15|44
12724,2|14|5|20|15|16|13|7|0|36
12735,1|2|14|5|15|8|20|12|13|0
12750,36|38|8|2|1|48|79|5|15|14
12768,12|0|2|14|16|25|40|7|242|15
12788,2|5|14|21|15|7|19|13|11|36
12836,2|86|0|31|14|5|19|21|13|7
1286,2|1|14|20|24|5|25|16|44|15
12867,2|17|0|14|21|7|15|12|16|20
12894,1|2|14|20|77|16|25|35|5|36
1290,14|15|20|0|7|8|35|12|25|36
12952,2|0|31|5|21|59|30|17|7|95
13039,2|5|0|21|17|7|19|76|39|8
13114,1|2|7|5|14|20|15|4|12|17
13132,2|5|31|7|17|13|21|0|14|15
13151,2|5|13|14|17|20|16|59|7|31
13167,123|1|2|5|14|9|7|24|44|15
13181,2|0|14|5|15|20|16|13|62|7
13198,2|1|21|5|14|17|223|61|47|59
13204,1|14|11|5|23|15|8|17|12|0
13218,2|5|21|12|31|13|72|7|59|15
13225,2|21|5|14|190|0|8|15|17|44
13249,2|5|21|0|14|31|15|7|8|13
13267,1|59|2|230|5|33|69|0|44|13
13282,1|2|7|5|17|16|14|8|15|25
13289,14|17|7|16|12|8|36|44|13|35
13291,85|49|187|1|2|14|61|25|20|105
13336,49|1|2|14|9|20|5|13|63|36
13373,242|12|73|0|1|16|66|2|7|18
1342,1|14|16|15|5|25|21|0|8|13
13433,1|2|14|216|21|20|78|5|17|15
1347,2|5|14|21|15|44|13|16|0|61
13487,2|5|0|7|14|95|30|19|60|31
13529,2|59|5|21|13|7|72|12|17|56
13569,1|24|2|9|63|20|79|45|51|31
13600,9|2|7|56|93|14|21|31|20|8
13647,2|5|21|17|59|14|0|95|19|15
13658,2|7|5|20|15|72|21|14|31|12
13680,2|5|1|17|8|36|38|14|15|68
13685,2|1|5|21|14|0|17|19|7|20
137,1|15|7|16|21|8|36|17|44|38
13702,0|72|26|32|2|7|9|220|24|20
13711,23|11|107|90|2|1|14|15|7|10
13764,1|2|5|61|14|7|47|8|9|0
1380,11|2|1|14|17|33|7|12|21|20
13800,2|1|14|16|15|20|19|25|44|21
13821,1|2|20|13|216|63|77|36|45|8
1387,1|2|199|17|5|20|14|7|274|158
13874,2|5|0|47|14|17|30|8|59|7
13895,12|2|1|25|20|5|14|15|11|21
13906,145|2|275|16|25|20|12|62|116|5
13943,2|14|5|20|21|16|7|13|146|17
13945,2|5|20|0|7|50|14|24|31|13
13962,38|48|79|2|14|5|15|1|13|20
13970,2|5|7|14|9|13|20|31|15|0
13980,23|11|107|2|68|1|5|14|33|25
13992,1|2|7|14|0|5|20|56|24|44
14010,165|2|1|14|7|15|24|42|20|4
14032,8|48|2|194|1|15|5|14|44|35
14082,55|159|2|1|5|14|15|36|25|21
141,14|8|35|16|0|20|47|38|61|7
14102,2|5|16|25|7|11|44|14|167|9
14109,2|5|14|21|0|17|15|8|171|7
14110,14|5|8|21|15|17|0|36|47|16
14116,246|1|2|7|15|86|14|20|13|24
1412,2|1|14|5|21|15|17|8|20|44
14136,78|1|2|152|225|14|21|97|233|153
14147,123|12|1|25|2|242|15|16|0|7
14151,2|104|1|5|14|44|15|7|17|25
1416,107|2|39|5|14|7|15|9|21|0
14162,5|21|17|15|19|8|100|12|39|20
14247,1|2|7|70|20|16|12|25|14|62
1425,1|14|15|12|49|5|25|8|44|21
14294,2|1|17|14|21|33|16|35|8|4
14310,2|5|17|62|20|14|12|15|21|8
1434,194|2|15|5|14|20|21|44|1|35
14428,20|135|25|1|281|2|206|232|3|21
14443,1|136|2|78|21|14|50|15|20|8
14483,2|0|14|21|7|17|19|15|16|36
14531,2|0|5|21|31|7|12|17|30|60
14544,1|2|13|24|20|0|14|7|69|36
1455,70|67|2|116|13|25|7|1|16|14
14601,2|5|8|15|14|21|20|9|17|31
14605,1|39|2|14|9|17|5|20|8|15
14626,1|2|5|0|14|76|30|39|15|66
14669,129|7|220|2|13|20|42|1|24|10
14671,2|5|14|13|7|47|16|8|0|15
14673,1|7|2|9|50|133|77|24|42|14
14687,2|1|14|5|21|15|25|7|8|36
14697,86|1|2|12|14|21|0|170|5|11
14723,2|1|5|31|21|15|12|14|44|33
14741,1|2|9|7|4|24|13|50|42|14
14744,1|2|20|5|0|14|16|25|35|17
14748,2|21|5|0|15|19|14|17|8|16
1475,36|14|194|21|0|15|17|12|25|44
14784,2|1|50|20|15|21|17|201|5|7
14815,2|50|21|14|63|8|7|5|20|15
14857,1|2|33|5|61|0|14|223|21|271
14865,9|1|7|57|63|133|2|4|77|42
14881,2|1|15|5|36|11|35|44|39|29
14888,275|211|145|289|191|25|12|2|15|11
14889,1|47|2|5|61|8|195|14|30|17
14902,119|12|2|5|1|0|16|14|17|21
14929,43|1|2|5|72|7|4|0|77|57
14934,2|16|8|36|5|15|38|14|21|0
14986,14|5|7|0|20|17|25|21|15|12
15008,1|2|5|21|7|14|15|50|12|44
15012,1|59|2|230|5|33|69|0|44|13
15014,23|164|29|2|107|104|5|1|14|86
1504,1|2|14|5|23|7|15|17|20|16
15042,13|1|2|7|25|5|35|202|16|108
15062,246|2|1|14|25|20|0|129|146|16
15175,2|17|21|0|31|95|14|76|15|30
15192,2|0|5|275|15|7|21|20|31|17
152,14|17|21|8|15|0|23|16|36|19
15206,1|5|2|0|59|17|171|21|14|31
15208,1|2|14|29|5|23|63|13|20|9
15219,1|5|20|19|21|16|0|17|44|36
15223,2|7|5|14|0|20|15|17|16|21
15273,2|0|31|5|21|59|30|17|7|95
15287,94|2|141|136|137|97|298|124|14|152
15309,5|14|21|17|20|7|0|15|31|59
15348,14|1|36|16|0|35|5|79|21|13
15358,86|1|2|4|21|14|5|17|15|8
15398,1|2|246|7|9|5|20|15|14|21
15406,2|0|21|31|5|94|17|30|78|7
15427,2|86|0|21|14|5|15|17|7|13
15436,2|29|14|17|7|107|20|0|15|19
1553,2|35|1|5|17|21|8|33|47|61
15567,2|5|1|14|49|7|19|15|61|44
1559,181|1|148|2|170|15|21|50|14|7
15636,187|2|17|1|5|21|14|33|19|223
15713,1|2|7|0|14|84|60|16|158|77
15720,0|13|1|10|271|2|59|33|171|285
15786,2|0|5|59|7|21|13|15|17|95
15790,2|0|31|5|21|59|30|17|7|95
15810,2|0|31|7|17|14|15|21|19|16
1583,1|2|14|5|20|114|24|63|15|17
15830,2|0|21|5|17|39|14|12|137|86
15831,2|14|1|5|0|16|7|35|41|15
15833,5|14|0|15|21|17|11|8|4|20
15851,1|7|2|77|84|0|52|24|14|56
1586,2|5|0|21|19|14|85|59|171|8
15867,2|0|7|5|13|14|9|21|50|31
15913,11|29|107|2|1|298|21|15|14|17
16,1|5|8|15|21|17|38|35|20|36
16000,2|5|21|31|15|17|14|56|12|20
16004,2|5|20|21|13|35|14|15|0|17
16005,1|14|7|17|47|16|33|15|8|147
16020,2|1|47|5|61|14|8|106|19|17
16023,2|0|14|5|19|47|13|16|36|17
16038,8|38|48|194|2|1|14|15|5|166
16093,1|2|13|7|14|25|16|15|5|8
16104,2|1|187|5|14|21|15|105|17|11
16107,1|5|33|2|103|19|60|4|59|0
16129,2|14|31|0|13|20|24|7|21|15
16143,2|5|21|14|15|17|20|16|31|167
1619,2|5|7|16|14|21|15|8|17|119
16281,1|2|7|13|5|14|21|20|36|11
16285,2|145|1|5|21|275|15|211|0|8
16304,163|2|66|20|16|39|7|13|14|44
16358,2|221|0|17|21|14|7|16|47|20
16359,2|12|0|17|21|14|7|20|16|8
16393,1|2|5|7|8|61|15|12|20|14
164,14|36|5|38|48|15|20|7|16|21
16409,79|36|38|194|2|21|5|14|44|49
16443,2|5|14|8|19|12|15|17|36|61
16450,1|2|164|25|20|4|5|14|39|15
16509,2|243|213|1|21|61|17|91|114|171
1653,15|1|194|5|21|17|16|20|25|7
16545,2|0|14|20|36|94|5|13|7|21
16583,2|1|23|29|5|25|14|7|20|16
16605,1|14|0|5|12|15|13|25|7|144
16608,2|16|14|5|21|20|8|35|7|36
16616,1|50|2|5|21|17|14|76|20|7
16672,11|29|107|1|2|12|21|5|13|59
1668,36|2|14|61|1|20|35|15|17|47
16721,1|2|14|16|44|41|68|5|51|76
16723,36|2|79|38|19|1|115|261|8|14
16755,1|2|16|14|5|15|20|9|7|25
16757,2|0|31|5|21|17|69|30|60|19
16819,50|9|282|63|1|133|131|14|8|38
16855,2|0|14|20|7|5|21|19|16|36
16879,190|2|1|14|5|36|15|7|9|279
16883,2|1|15|17|21|8|5|44|9|36
16937,1|2|4|77|24|20|17|157|14|25
1695,2|5|59|21|7|56|14|12|15|17
16990,79|36|2|1|14|15|194|5|35|7
17006,130|28|1|18|16|25|14|66|234|2
17031,1|2|62|7|20|70|14|5|15|11
17049,48|38|79|194|2|44|15|264|179|35
1705,1|14|21|15|19|76|16|3|11|95
171,1|14|5|16|0|17|8|36|11|7
17120,1|2|0|7|14|5|20|9|63|15
17123,2|16|5|14|20|21|0|17|13|55
17159,2|1|20|17|36|16|35|21|13|11
17210,38|79|2|194|11|15|1|35|44|5
17228,130|1|9|50|63|14|25|2|201|20
17248,2|14|1|15|94|49|153|29|16|148
1730,1|2|14|7|0|12|144|20|77|24
17361,1|7|2|13|47|61|20|14|9|60
17367,2|1|5|16|15|7|20|13|44|36
1743,11|1|2|7|14|5|20|17|15|21
17446,66|2|0|7|16|13|15|20|157|14
17472,2|1|81|14|17|55|15|8|21|11
17546,93|1|50|9|63|2|57|7|51|133
17547,1|2|35|14|7|5|17|8|63|21
1757,2|1|123|14|21|5|15|8|39|11
17611,1|93|7|2|63|45|24|133|237|140
1768,1|2|164|7|14|12|20|9|15|5
17711,1|2|15|14|20|7|11|275|21|36
17738,2|1|14|5|0|7|20|15|17|33
17808,48|79|36|194|2|5|61|47|14|35
1783,1|14|5|21|17|15|7|13|8|20
17959,2|1|14|15|20|11|17|16|7|25
17988,2|5|31|21|59|12|13|30|7|72
17991,1|2|14|25|0|77|16|7|24|13
18000,284|2|20|1|81|15|25|21|5|14
18003,2|1|14|20|5|0|16|36|25|7
18032,2|1|21|9|14|8|5|190|15|17
18038,0|40|5|16|130|9|24|15|1|18
18051,134|1|2|15|14|21|7|0|36|11
18056,1|2|50|14|7|5|63|15|77|133
18129,1|63|2|157|7|30|13|17|60|0
18155,1|2|21|5|7|14|13|17|4|9
18165,2|1|33|103|14|17|16|15|21|8
182,2|1|14|20|16|15|36|5|9|0
18218,2|5|15|21|39|8|20|16|0|44
18237,1|5|17|15|19|33|21|44|0|16
18267,2|70|1|5|21|17|33|15|19|85
18268,2|1|8|14|38|36|20|15|16|9
18313,2|16|14|20|21|17|8|35|36|7
18353,284|2|1|17|0|15|19|14|21|7
18388,2|5|14|21|13|16|15|59|31|7
18401,2|1|26|14|220|16|7|20|54|15
18445,1|33|21|17|14|0|76|19|47|16
18458,4|52|13|2|65|7|157|44|43|20
1851,187|1|2|5|14|21|17|96|44|13
18530,1|7|2|77|84|0|52|24|14|56
18573,8|79|38|36|2|1|16|14|5|61
18585,1|2|11|164|23|5|29|25|14|12
18586,2|1|25|14|36|61|20|8|16|7
1870,2|1|20|14|7|15|16|17|36|21
18743,2|5|0|31|21|17|7|30|59|60
18978,2|1|7|25|86|14|9|8|15|11
18979,2|5|0|14|13|7|20|17|15|21
18983,1|2|14|7|185|5|17|20|25|0
19004,1|5|14|8|25|15|7|16|36|35
19026,1|2|77|45|7|24|133|20|282|63
19085,1|14|7|20|77|25|0|24|13|16
19091,1|2|7|14|20|36|5|21|16|25
19093,2|5|21|19|17|7|14|8|59|35
1911,2|1|14|36|16|20|21|166|19|5
19123,2|20|77|14|42|24|52|13|7|43
19124,1|2|14|15|4|9|24|21|5|12
19141,1|2|7|20|0|14|25|77|16|135
1916,81|2|1|20|14|17|5|159|7|35
19221,1|2|72|12|59|18|13|21|10|5
19254,2|0|17|47|14|19|31|76|95|30
19278,8|194|2|14|5|15|23|20|44|21
19298,1|2|20|14|15|77|50|5|9|12
19310,1|2|17|21|14|190|31|8|12|16
19340,2|1|5|119|55|14|17|20|21|70
19373,1|186|2|14|50|20|11|13|133|63
1939,11|1|14|5|17|15|21|20|16|8
19390,1|2|24|14|25|77|0|5|51|17
19417,20|15|2|1|16|7|8|281|79|44
19541,36|194|2|14|44|15|25|16|35|20
19554,2|48|36|79|14|5|190|85|12|21
19603,2|14|15|8|199|7|17|1|86|21
19750,36|48|38|79|2|14|21|0|194|5
19762,154|54|26|10|27|113|284|83|128|1
1981,1|36|14|48|79|38|21|5|35|15
19910,70|62|138|116|67|2|1|57|7|13
19919,2|151|17|25|14|16|12|44|5|3
19993,7|2|124|1|33|5|14|39|35|13
20027,2|1|14|36|25|79|61|19|23|94
20032,1|2|14|5|16|12|15|25|17|20
20061,2|9|13|7|14|5|221|15|24|8
2008,0|15|21|44|16|20|8|19|35|12
20085,1|7|77|2|24|20|14|133|44|56
20125,1|2|7|13|14|5|21|15|17|61
20137,5|261|15|21|49|19|17|61|96|166
20179,9|45|1|7|237|133|282|24|140|63
20190,2|5|14|25|16|15|9|36|8|24
20208,66|2|1|0|16|55|14|13|18|20
20246,1|2|4|14|51|0|44|141|22|5
2029,2|21|5|7|17|15|100|30|20|63
20382,70|1|62|2|20|188|138|25|14|7
20400,26|6|113|1|15|27|246|160|4|9
2043,36|14|5|194|15|20|21|44|17|16
2052,107|5|14|21|12|17|15|3|59|7
20539,1|2|5|21|15|0|16|14|17|12
2062,1|14|5|15|21|19|3|8|0|12
20624,5|2|1|17|59|171|76|271|95|103
20645,170|173|1|2|134|7|15|181|5|20
20654,1|2|33|31|5|0|235|85|69|21
20724,82|148|170|15|134|36|2|268|1|79
20731,1|2|33|5|21|0|15|17|14|16
20785,194|261|2|14|15|166|35|61|21|179
20821,1|2|17|15|33|14|7|128|16|0
20836,1|2|33|31|5|0|235|85|69|21
20858,1|2|5|20|16|7|15|8|17|21
2087,11|23|14|16|17|21|20|13|12|59
20883,67|188|62|116|138|2|156|14|13|25
20931,2|0|5|31|21|14|17|13|16|15
20961,187|2|70|1|5|138|21|188|14|17
20966,1|2|5|0|33|59|16|20|93|17
21,36|38|79|48|2|1|20|15|14|44
21038,1|2|33|31|5|0|235|85|69|21
21084,2|0|5|21|17|7|13|15|95|19
21120,1|2|5|0|72|31|21|14|7|4
21129,107|2|1|14|13|204|16|25|20|0
212,1|2|14|21|17|29|15|0|12|33
21219,156|13|2|14|20|24|77|216|36|133
21228,2|50|9|7|5|0|31|14|56|63
21259,1|2|21|14|63|17|8|13|20|38
21318,75|10|83|32|26|6|74|113|27|14
21345,2|1|5|14|21|17|13|12|59|15
21386,1|2|105|14|24|35|7|77|124|16
2143,185|2|5|19|1|14|47|3|15|104
21615,79|36|2|38|1|15|44|21|20|194
21658,38|36|194|2|44|15|1|191|14|5
21743,191|2|1|14|15|109|275|211|8|9
218,79|2|1|194|11|15|5|35|21|20
21818,20|2|44|16|14|1|15|8|166|79
21847,48|38|2|261|44|14|166|15|35|61
21852,1|2|14|5|25|17|16|15|11|297
21902,2|5|0|15|191|21|14|7|31|8
21934,187|2|223|1|3|5|11|59|17|103
21941,2|1|9|20|5|7|246|14|16|15
21949,2|11|1|23|17|14|20|7|33|15
2202,2|1|14|15|5|7|25|20|24|11
22069,7|158|1|176|43|244|17|77|20|31
22077,207|121|190|134|49|1|21|275|7|211
22126,1|14|5|21|17|15|20|0|12|8
22136,2|1|14|5|25|17|8|39|15|16
22172,2|1|47|21|5|59|14|19|17|33
22182,2|1|15|5|17|61|44|21|47|36
22253,2|14|25|16|1|20|15|8|157|48
22273,124|137|97|136|2|1|152|21|47|94
22303,2|1|21|17|14|33|15|19|106|11
2232,1|5|14|13|21|33|17|8|12|16
22386,190|2|188|171|70|14|8|38|5|17
22428,2|0|31|5|21|59|30|17|7|95
22487,8|14|36|2|38|133|1|63|9|48
22536,2|17|0|21|31|59|19|95|14|76
22559,2|1|8|14|106|273|17|21|61|48
22564,22|209|204|4|2|178|57|46|3|101
22608,14|5|7|0|20|31|16|13|17|21
2265,2|20|70|1|16|14|8|36|188|96
22687,20|25|2|1|206|16|13|21|89|5
22734,172|206|135|25|287|1|2|89|5|16
2278,2|1|20|8|14|16|70|21|15|5
2279,1|50|2|63|7|77|20|56|139|101
22801,4|1|7|84|2|5|17|60|43|142
2283,2|14|7|15|0|21|16|76|30|11
22844,1|2|24|13|59|25|0|20|230|14
2285,1|2|9|50|7|42|14|20|36|57
22872,2|1|15|5|44|20|36|16|7|21
22877,87|26|54|294|220|10|1|2|154|284
22882,14|1|5|3|15|21|8|47|17|44
22911,136|1|2|7|9|14|15|178|11|16
22930,2|38|36|5|14|13|166|48|20|19
23035,48|38|36|194|2|15|20|14|44|16
23038,243|2|8|38|91|166|36|1|61|143
23058,2|1|11|114|20|5|8|29|17|14
23067,2|1|5|72|21|15|114|14|103|16
23105,103|2|33|1|5|271|223|17|21|0
2315,2|14|79|15|21|16|44|20|11|61
23162,294|128|6|129|154|10|1|7|284|2
23247,291|2|1|24|13|14|101|5|29|9
23277,181|148|170|2|1|15|3|82|173|124
23312,103|33|2|72|1|226|5|47|223|21
23318,48|38|79|36|2|194|44|14|15|13
23425,2|1|15|5|17|61|44|21|47|36
2347,2|1|14|20|25|13|7|16|77|4
23486,164|2|1|17|33|11|0|76|21|12
23551,1|14|5|15|11|17|39|21|8|12
23646,2|1|40|20|9|21|15|234|12|63
23669,2|1|14|25|13|133|77|24|63|15
23691,7|2|124|1|33|5|14|39|35|13
23695,2|1|106|5|263|85|96|187|103|47
23734,1|5|14|17|0|35|15|13|16|11
23769,68|294|1|2|4|25|20|0|15|5
23803,1|7|4|2|5|17|30|142|13|20
2388,2|1|14|20|13|25|16|77|51|9
2396,1|2|77|13|16|14|25|20|36|0
2403,85|70|17|21|14|138|15|59|0|185
2409,1|2|20|14|13|8|15|38|5|21
2410,1|5|15|20|21|8|17|36|16|12
24103,2|1|17|33|15|14|70|16|21|7
2414,38|48|36|2|194|1|15|14|5|44
24147,23|107|2|1|5|14|17|21|15|47
2417,1|2|16|15|14|5|119|20|25|7
24187,1|9|216|4|7|114|64|63|20|45
24210,85|187|185|2|19|103|1|171|96|106
24243,1|14|5|8|36|15|38|17|48|179
2430,79|20|15|21|7|0|35|19|12|61
24300,80|2|1|14|46|15|39|11|113|29
24358,1|2|136|57|7|13|14|21|5|36
24405,2|1|14|13|216|35|9|29|101|94
24413,1|2|61|20|35|14|16|13|36|136
24428,1|157|2|7|17|63|20|21|30|200
24556,11|2|29|1|25|14|15|23|5|8
24610,2|17|0|21|59|31|95|76|14|19
24650,2|113|141|14|170|148|15|136|78|152
2466,50|1|237|2|24|7|133|101|20|6
247,2|107|1|5|21|14|187|17|15|19
24751,2|1|298|137|21|14|5|187|17|97
2478,48|5|16|35|17|44|20|19|11|25
2479,221|1|2|17|21|33|14|8|16|15
24909,82|148|170|15|134|36|2|268|1|79
24976,1|2|43|7|77|4|14|57|15|24
250,1|14|5|15|25|7|13|8|21|0
25004,291|1|9|63|7|133|2|21|20|24
25122,50|1|77|178|2|7|15|21|14|42
25146,25|1|2|20|8|15|24|275|216|211
25155,1|157|56|2|133|64|24|20|200|9
25235,171|213|33|2|1|5|271|21|223|61
25294,220|83|6|26|10|284|87|129|1|7
2531,2|1|14|15|11|25|20|16|21|44
2536,1|14|17|7|19|33|15|20|16|44
25377,70|138|2|17|81|13|16|8|20|5
25426,5|2|1|17|59|171|76|271|95|103
255,38|79|194|2|1|14|44|25|5|15
25532,1|2|14|282|20|36|50|79|61|25
25644,7|1|2|13|20|24|101|25|42|14
25656,171|2|1|78|14|21|5|152|61|85
25739,224|2|1|11|7|20|8|12|13|14
25758,1|16|81|2|55|25|14|5|0|18
2579,2|14|21|8|1|5|79|36|106|38
25800,272|0|1|2|12|40|15|5|25|14
2581,1|14|21|5|15|8|17|3|16|47
2590,2|5|0|14|31|21|17|7|15|12
261,1|14|5|15|21|8|25|17|44|0
26116,29|107|1|2|5|14|20|15|17|0
26123,2|36|38|5|14|48|167|20|25|261
2615,252|169|245|2|150|145|109|101|183|51
2624,5|21|15|0|17|36|20|13|8|16
2626,2|1|5|14|17|12|25|15|16|21
26263,2|33|1|17|76|19|21|167|14|47
263,2|1|20|55|159|14|5|44|0|15
26306,2|1|14|136|36|153|78|94|101|201
26323,130|28|1|18|16|25|14|66|234|2
26396,2|1|17|76|47|21|14|33|106|263
26434,272|0|1|2|12|40|15|5|25|14
2654,1|14|5|8|21|16|17|86|44|20
26545,2|5|1|14|105|167|15|19|4|16
26573,108|5|11|70|2|25|13|53|35|33
26590,9|50|45|167|2|5|36|15|17|20
26618,1|41|2|14|9|20|17|50|7|21
26646,1|2|14|8|63|7|16|15|9|5
26686,1|2|14|20|9|290|24|50|35|133
2670,2|36|48|79|14|21|5|15|20|17
26760,75|10|32|26|83|74|58|6|113|154
26778,48|38|194|261|2|166|264|44|15|14
26978,107|2|1|14|46|114|16|20|35|164
27097,2|15|16|0|13|5|1|36|20|29
27107,2|1|5|81|7|15|20|44|36|14
2715,2|36|38|79|14|5|20|15|17|21
27202,38|79|36|2|194|1|5|15|14|21
27237,252|169|245|2|150|145|109|101|183|51
2724,2|1|35|5|36|17|15|61|8|16
27241,5|2|1|14|7|44|36|19|16|166
27325,1|2|16|14|33|55|0|17|8|81
27372,23|29|2|5|1|14|47|35|21|36
27386,2|1|7|123|39|21|174|108|5|51
27459,1|24|2|13|9|11|14|51|16|216
27506,68|13|2|129|7|20|25|1|16|14
27547,32|0|75|72|26|90|13|83|154|220
27551,190|2|51|14|1|44|279|15|48|8
27585,2|1|17|5|21|15|35|36|167|20
27601,2|33|1|17|76|19|21|167|14|47
27647,55|1|159|2|25|5|12|20|0|15
27677,5|108|92|197|167|2|1|41|35|130
2770,0|14|17|47|33|15|85|12|3|8
27771,11|46|2|1|12|5|14|15|25|39
27773,16|1|159|2|5|157|20|81|21|8
27803,224|20|11|25|2|29|1|8|5|13
27872,36|8|48|38|2|194|14|1|166|13
27925,68|269|2|17|1|33|193|4|20|5
28015,173|2|15|148|134|170|1|25|8|115
28034,1|24|9|2|77|26|25|7|20|15
28042,1|2|25|14|5|4|70|16|15|21
28099,123|46|114|11|164|29|2|81|12|1
2815,14|5|17|15|7|8|20|16|39|36
28168,191|275|211|20|268|2|12|46|15|1
2819,70|67|116|2|17|46|16|11|13|20
28210,20|135|25|172|8|214|287|89|281|1
28253,57|7|1|77|13|50|2|4|42|63
2831,2|23|5|12|0|29|15|17|20|21
2833,2|15|105|34|1|113|12|8|192|44
28398,25|2|135|1|9|44|16|15|172|206
2842,1|15|21|5|8|44|11|36|7|12
28462,108|5|11|70|2|25|13|53|35|33
28481,54|87|154|26|10|6|1|27|25|7
28577,1|2|70|138|5|17|20|116|9|7
2865,2|151|1|25|166|7|14|35|13|17
2878,2|1|20|14|21|16|5|8|15|13
2892,129|43|2|7|5|0|57|15|10|1
2914,1|13|11|24|166|218|9|282|14|2
2977,1|15|8|16|17|36|7|38|25|11
2978,2|5|14|15|20|7|13|44|3|8
2993,2|0|14|15|7|9|11|5|13|36
3003,2|1|14|36|20|13|0|16|5|7
3012,2|1|16|5|14|21|15|17|8|36
3018,2|191|0|20|14|36|166|12|5|94
3020,5|14|15|0|20|7|8|17|59|36
3026,2|5|1|19|76|14|47|151|70|15
3045,164|2|1|7|25|14|20|11|5|0
305,1|2|16|17|14|21|15|20|44|81
3087,11|2|1|23|29|14|7|20|35|5
3115,35|2|1|77|13|20|14|36|7|25
3171,2|38|48|5|20|16|14|21|15|35
3196,2|35|20|1|7|12|14|16|8|44
32,70|62|2|188|138|25|66|11|15|14
320,2|1|5|14|195|105|17|15|8|78
321,48|79|14|5|13|15|21|17|16|44
3223,1|2|9|20|178|44|24|77|25|14
3230,2|1|86|5|14|13|61|7|29|15
3240,85|14|5|21|17|190|15|31|8|0
3257,14|17|21|15|0|20|47|16|7|76
326,2|5|7|21|14|17|9|15|8|20
3272,38|2|16|5|15|14|20|21|17|61
3300,48|79|21|35|20|17|7|16|19|12
3341,20|1|2|25|135|14|16|0|5|24
3348,2|7|5|20|56|8|14|157|31|15
3369,2|1|14|5|21|15|17|13|7|8
3386,1|2|15|5|14|8|20|16|7|35
339,2|14|15|21|17|16|20|1|49|61
3399,2|0|5|31|21|83|59|15|30|13
3431,188|116|138|2|17|8|5|20|9|13
3444,2|1|17|20|5|15|7|12|275|62
3549,1|70|2|62|14|116|13|20|67|11
3557,1|2|14|0|17|20|16|11|25|21
3593,2|187|5|21|137|19|15|17|47|11
3609,1|14|7|16|15|35|8|36|25|0
3645,164|11|29|107|2|1|114|80|3|25
3651,1|5|15|21|8|16|36|17|12|11
368,29|2|1|14|7|5|25|15|35|16
3699,79|36|2|194|1|14|35|44|17|7
3709,164|2|1|5|145|14|8|15|47|0
3716,2|8|1|5|48|79|15|44|16|13
3731,145|275|1|2|15|5|12|268|16|17
3762,2|5|7|17|14|1|20|76|216|13
3768,1|274|2|30|7|67|149|14|41|4
3769,8|5|79|29|14|15|17|21|13|20
3773,2|67|17|81|5|8|14|20|13|15
3775,2|1|14|15|5|49|8|20|16|25
3797,2|1|17|5|14|4|15|11|20|12
3800,29|2|14|5|0|20|21|15|16|35
3843,185|2|1|19|5|223|47|21|96|14
3851,5|21|14|16|15|17|20|0|35|8
3865,48|36|2|15|14|261|21|20|9|44
3879,62|188|138|2|17|25|20|7|15|11
3891,2|38|36|48|1|79|14|5|19|21
3899,5|14|21|15|20|7|13|17|44|81
3955,14|1|5|25|16|36|0|13|7|17
3978,2|1|14|15|21|8|5|11|20|86
3984,1|15|5|21|17|44|8|36|7|20
4,2|1|14|36|13|20|25|35|216|61
4007,2|5|21|7|14|17|8|15|12|20
4070,2|1|8|16|38|49|5|21|20|79
4087,2|7|14|5|15|17|11|20|50|0
4118,2|1|104|5|14|38|44|9|16|15
4152,1|2|20|16|14|5|36|7|9|17
4175,5|14|21|17|7|0|15|13|16|8
418,2|5|0|9|17|21|7|14|15|31
4207,1|14|35|36|8|15|20|38|7|17
4233,1|14|5|16|36|13|21|25|7|20
4269,36|2|14|20|15|44|166|1|7|13
4271,1|2|4|77|24|17|9|15|50|5
4339,2|1|36|5|14|38|20|44|7|15
4392,38|2|36|48|16|20|14|1|15|5
4405,14|21|5|8|17|15|36|116|20|138
4407,2|1|14|17|21|19|11|167|15|33
4418,36|194|2|14|15|70|5|21|44|20
4442,5|14|0|21|17|3|106|47|15|8
4449,39|1|2|62|14|5|13|15|146|12
447,5|1|14|17|59|3|21|76|19|15
4476,2|5|0|7|14|95|30|19|60|31
450,2|7|15|20|9|5|13|16|39|31
4516,1|2|5|25|14|224|4|9|20|15
4524,15|2|192|1|100|79|14|149|34|136
4527,2|14|20|16|17|9|7|13|21|12
4537,137|2|14|78|1|21|97|233|11|149
4564,2|5|1|14|61|21|15|36|7|16
4589,8|38|36|2|5|194|15|44|20|9
459,36|14|5|21|35|16|17|7|0|61
4608,8|38|36|194|2|14|104|5|61|44
4613,1|2|5|139|7|97|21|15|36|17
4618,1|5|36|17|8|16|0|21|20|13
462,1|11|7|14|20|15|5|25|16|29
4657,70|5|188|14|1|67|116|3|15|76
4659,48|36|2|14|261|166|21|44|5|1
4671,16|25|1|2|172|135|7|81|15|12
4717,34|8|109|2|113|14|192|9|16|182
4757,8|79|36|2|14|1|5|17|15|20
4776,2|14|1|36|8|15|190|144|44|0
4799,1|5|0|13|47|8|16|49|19|36
4800,1|2|86|7|20|5|14|15|21|8
482,5|15|0|21|13|17|20|78|8|11
4823,1|48|36|14|5|15|17|20|44|47
4848,294|128|129|26|154|13|284|10|1|2
4851,14|20|5|16|15|17|13|7|25|36
4871,5|14|21|0|17|15|8|59|7|12
4950,1|2|20|14|7|15|8|9|25|5
5001,2|1|5|14|61|19|15|76|30|95
5022,5|14|21|19|47|15|36|16|7|0
5065,2|8|14|15|20|35|9|16|21|63
5092,2|5|14|15|8|20|7|21|12|16
5095,2|5|21|0|8|15|7|9|14|100
5113,116|188|2|1|62|20|7|14|15|16
5118,1|2|13|8|7|5|9|63|14|20
5127,79|48|36|194|14|1|5|13|0|19
5193,8|1|48|14|5|15|16|25|20|21
5199,1|14|7|17|15|0|20|44|16|76
5200,2|0|7|16|15|5|14|20|9|17
5220,275|2|15|25|109|1|233|145|5|191
5242,14|15|7|21|8|17|0|20|13|33
5264,2|1|36|8|14|48|79|20|7|5
5273,1|2|5|14|15|36|216|61|20|35
5347,2|1|47|21|5|223|19|14|61|11
5361,2|5|14|20|0|7|17|9|15|16
5365,1|2|4|77|43|15|24|57|14|20
5368,1|2|7|25|16|0|14|77|5|56
539,5|14|21|17|35|15|20|19|0|261
5418,104|2|17|5|14|38|36|16|15|7
543,2|1|8|5|21|15|44|17|36|38
5430,2|1|5|4|17|20|47|14|19|7
5459,2|1|5|16|29|14|20|15|107|7
5461,14|0|19|15|21|7|76|44|16|47
548,1|7|16|21|15|20|12|36|33|8
5501,185|14|1|187|5|0|15|3|47|20
5512,2|5|36|48|14|38|79|16|44|21
5513,1|2|20|14|5|17|25|44|8|15
5522,2|1|14|15|21|35|194|61|12|0
5524,70|2|138|116|62|1|188|15|14|78
5527,14|7|5|20|15|16|17|44|21|11
5555,2|12|5|21|17|0|15|20|7|14
5562,1|2|14|15|20|7|8|26|24|50
5570,5|23|7|21|15|16|19|20|35|13
5581,75|10|83|32|26|6|74|113|27|14
5648,14|15|5|21|3|0|39|16|127|17
5666,1|5|17|8|15|19|21|16|0|106
5684,50|1|63|282|45|133|2|101|77|14
572,2|11|0|14|15|5|7|21|16|20
5751,1|14|15|47|21|19|44|36|11|20
5774,14|36|5|20|79|11|13|0|7|44
5891,2|1|33|17|15|20|14|21|63|8
5926,2|16|5|14|1|70|36|17|15|8
594,1|14|134|5|33|17|15|21|44|19
5940,1|2|13|101|14|77|50|24|20|64
595,70|116|138|188|2|191|275|34|8|12
5957,36|48|38|79|2|194|5|44|14|13
6010,2|1|14|5|15|25|7|9|16|8
6016,11|107|2|8|20|1|79|36|14|48
6030,2|25|1|20|109|14|16|24|116|227
6032,1|2|101|4|9|14|7|22|24|57
6132,2|20|25|1|14|7|16|5|13|17
6145,14|17|21|0|59|31|19|15|76|8
6158,1|14|21|5|8|17|20|15|36|12
6166,1|119|14|5|21|17|15|19|0|47
6167,8|2|36|79|190|48|14|15|5|44
6182,5|21|14|19|47|17|0|106|15|59
6220,5|14|21|17|15|8|12|59|31|95
625,70|62|2|138|1|17|15|25|14|20
6258,185|187|1|5|14|171|19|33|3|21
6269,1|14|5|3|19|33|21|15|17|47
6294,1|16|5|13|78|35|94|49|36|20
6297,1|14|5|3|19|21|17|106|33|47
6313,1|17|14|21|76|15|8|59|19|16
6323,17|14|21|0|15|7|19|44|33|12
6326,5|14|21|190|0|17|31|59|15|12
6334,1|14|5|3|19|33|21|15|17|47
6337,1|14|5|3|19|33|21|15|17|47
6344,1|5|14|20|7|15|25|17|8|13
6345,2|1|85|46|19|185|5|89|33|11
6346,1|2|4|14|51|0|44|141|22|5
6385,5|7|14|0|17|12|13|20|8|15
6394,1|14|5|3|19|33|21|15|17|47
6395,1|14|33|17|47|76|15|3|19|8
6427,2|1|14|36|25|16|77|35|24|51
6430,2|1|7|5|16|13|14|24|15|157
6443,2|14|5|20|15|8|17|7|63|24
6455,16|81|1|2|5|14|20|15|44|8
654,2|1|16|14|20|17|8|21|39|81
6560,1|16|5|14|0|19|15|20|159|7
6577,1|14|5|15|21|7|17|16|44|12
659,48|38|79|36|49|14|194|5|21|44
6591,21|17|19|33|15|0|76|16|8|85
661,23|29|11|123|2|25|7|16|13|35
6646,2|1|14|21|5|17|25|59|13|11
6649,5|17|14|0|21|59|19|15|76|31
665,2|23|29|5|0|13|7|21|31|14
6655,1|2|9|14|20|7|56|8|63|50
6657,1|14|7|20|16|25|0|15|21|17
6665,2|1|5|21|17|14|8|61|15|16
667,5|1|2|17|76|59|21|171|14|0
6680,5|14|21|0|17|106|3|15|31|8
6701,5|14|8|15|17|19|13|16|47|59
6730,2|1|14|8|25|15|5|17|21|7
6769,2|21|5|14|15|17|20|7|35|0
677,36|21|79|16|20|7|61|12|39|104
6774,48|14|79|15|21|16|7|44|35|20
6777,1|14|21|17|33|19|15|76|167|11
6782,2|5|17|16|15|14|8|7|30|46
6787,8|48|36|14|21|15|44|17|20|35
6795,14|0|5|31|21|15|59|17|19|7
6799,1|14|16|20|17|21|35|7|19|8
6803,1|2|33|17|16|14|15|0|21|12
6827,70|138|116|67|14|5|1|17|3|21
6829,1|2|14|20|16|7|0|12|55|13
6834,1|14|5|21|15|44|100|8|19|17
6851,1|14|5|3|19|33|21|15|17|47
6878,1|16|14|15|8|44|20|21|36|7
6884,5|14|21|15|8|16|7|36|13|17
690,2|223|1|5|19|59|47|17|11|41
6917,11|5|107|14|21|7|17|15|59|31
6961,2|1|14|5|36|16|35|61|15|20
6967,1|14|5|3|19|33|21|15|17|47
6975,1|14|5|3|33|21|15|17|59|8
6977,1|5|14|21|15|8|16|12|44|0
6997,14|7|0|5|15|20|17|36|16|8
7005,2|15|14|148|1|20|7|78|124|21
7011,1|14|12|5|242|0|21|33|15|3
7034,5|14|17|0|47|15|8|59|19|13
7041,1|14|5|19|33|21|17|59|15|47
706,1|5|21|17|15|106|8|195|36|33
7062,5|14|21|0|17|31|3|19|15|76
7065,1|5|21|17|47|8|33|15|44|12
708,5|0|17|14|21|19|59|3|76|15
7096,1|5|21|19|15|17|8|12|96|44
7106,1|5|14|33|3|21|0|19|17|31
7118,1|9|2|5|50|133|21|8|51|30
7133,5|14|31|0|7|21|17|15|60|44
7153,1|2|16|5|14|21|15|20|17|47
7175,80|1|2|14|13|20|16|51|9|24
718,1|14|224|5|134|13|36|20|21|17
7180,5|21|14|0|17|100|15|12|8|3
7207,81|5|2|1|25|14|20|15|7|12
7228,291|1|2|14|13|4|63|141|5|0
7259,38|48|194|2|14|5|21|1|16|261
7274,1|21|5|14|17|100|47|15|0|19
7282,2|5|14|221|17|0|7|8|12|20
7286,2|17|14|19|21|0|7|16|47|61
7299,1|14|5|15|8|7|36|49|38|19
731,2|0|21|11|5|14|17|20|7|29
7326,8|79|48|2|14|21|1|44|15|35
7368,14|5|8|39|21|7|17|15|13|20
7394,134|2|148|11|114|170|23|3|1|29
7412,1|5|14|21|3|33|17|19|47|223
7443,11|1|14|107|5|19|16|21|17|123
745,1|291|2|12|13|21|5|16|7|4
7454,187|29|1|23|14|5|19|33|21|15
7455,1|14|5|21|15|8|17|70|16|190
7505,8|48|79|36|2|145|14|15|166|44
7510,1|2|20|7|24|35|14|36|16|157
7513,1|14|15|5|7|8|20|21|13|33
7515,1|5|14|15|59|21|7|17|16|12
7522,7|1|13|2|24|20|16|35|157|139
7551,246|20|172|1|2|25|26|206|16|287
7569,2|5|21|14|17|11|0|39|7|8
7601,34|2|13|35|14|20|1|36|153|8
7625,5|14|17|21|15|13|16|7|12|3
7650,1|14|5|3|19|33|21|15|17|47
7657,1|5|14|47|33|0|15|19|17|8
7706,5|21|14|59|31|17|19|15|12|3
7714,1|2|9|5|15|14|7|21|8|13
7722,5|0|14|21|31|59|17|19|3|15
7731,5|0|14|21|31|59|17|19|3|15
7755,5|14|7|21|17|20|15|39|12|23
7777,2|14|39|15|20|16|0|21|76|8
7786,36|79|5|14|15|21|44|194|17|20
7828,1|5|14|3|106|21|47|17|15|263
7846,1|137|2|14|61|35|94|20|152|97
7855,191|1|2|20|25|268|15|8|289|7
7869,2|8|20|36|12|14|1|79|15|5
788,105|1|2|14|226|4|15|8|42|50
7919,1|14|5|15|21|8|0|3|7|13
7951,2|7|31|5|21|56|14|59|12|13
7981,1|14|5|19|21|47|17|0|35|61
7988,1|14|5|21|47|15|19|17|8|97
7997,8|127|48|38|79|194|2|1|25|14
8046,5|21|14|59|15|17|8|7|12|20
8047,165|2|7|66|14|20|15|25|16|35
806,11|23|1|14|5|3|107|21|17|15
8099,2|14|15|1|8|7|9|51|220|44
8108,2|5|7|17|0|14|31|21|9|50
8111,1|14|20|15|5|0|25|16|35|21
8112,2|1|5|14|20|16|8|12|164|11
8157,17|14|21|15|20|7|12|44|19|8
8164,5|14|19|8|17|47|0|15|106|7
8207,127|2|1|20|5|64|13|14|3|8
821,1|2|14|5|17|13|16|25|20|4
8222,2|1|20|14|5|63|7|35|16|24
8230,1|5|14|17|15|21|3|44|104|13
8272,2|14|5|21|0|15|17|12|11|8
8291,2|5|1|14|7|15|16|44|13|20
8296,1|14|5|3|19|33|21|15|17|47
8323,221|5|21|0|14|17|19|3|15|31
8330,2|1|5|14|7|15|36|8|20|44
8339,2|1|5|14|17|0|15|25|20|77
8346,148|9|2|50|1|134|14|36|15|133
837,1|2|284|7|164|16|20|14|10|11
8423,1|2|5|17|4|21|20|15|56|260
8437,1|14|5|3|19|33|21|15|17|47
8475,1|2|5|20|16|44|7|35|15|11
8512,14|21|17|15|20|7|16|114|8|12
8540,0|21|17|14|33|19|15|3|7|95
858,8|2|38|79|1|48|5|15|14|16
8609,191|211|2|1|25|20|7|289|13|14
861,91|2|113|14|136|192|21|46|11|8
8619,5|14|21|17|7|12|11|15|16|86
862,185|1|14|29|23|5|17|21|0|12
8627,2|1|14|25|55|20|36|79|8|44
863,2|5|104|14|17|1|7|20|21|36
866,5|14|7|16|13|21|15|20|0|36
8734,1|8|14|36|35|48|38|5|15|16
8738,14|19|17|21|0|59|15|76|47|3
8808,1|14|20|25|5|21|0|17|12|7
8817,2|5|14|17|21|0|8|36|20|16
8838,2|21|5|11|14|15|0|39|7|148
884,1|2|80|0|25|15|20|66|14|11
8844,1|2|7|9|8|5|16|14|20|15
8865,1|14|31|5|19|3|0|33|21|15
8877,1|5|148|14|3|33|21|170|0|15
8907,46|1|14|5|11|33|44|76|19|21
8931,1|2|7|14|20|24|0|25|133|16
8947,14|21|16|8|0|36|19|44|17|20
9023,1|14|5|36|106|21|16|47|0|20
9051,1|50|2|209|20|63|14|131|101|282
9155,164|1|5|14|11|19|21|33|17|15
9166,11|29|1|14|21|5|8|17|107|39
9173,1|14|134|21|5|15|170|141|11|94
9194,1|246|14|5|21|17|15|33|0|11
9239,1|14|5|3|19|33|21|15|17|47
9282,2|1|14|5|16|13|21|20|15|17
9284,1|2|7|14|0|20|5|21|25|77
9398,224|2|11|17|1|29|23|5|21|3
9404,36|48|5|17|21|20|44|16|49|194
9405,284|1|2|7|0|14|20|5|33|16
9449,107|2|1|5|14|33|17|12|20|15
946,103|33|17|2|5|1|21|47|14|72
9472,246|181|148|1|170|2|15|5|7|11
9501,2|81|5|55|21|0|14|19|8|7
9524,48|194|2|1|14|20|13|5|35|25
9545,191|211|2|1|14|268|20|94|25|289
9552,148|81|181|2|159|1|15|12|21|0
9557,1|2|14|5|7|8|15|44|20|36
9565,221|1|2|14|7|61|19|16|21|47
9576,1|5|14|15|81|21|12|0|44|11
9578,1|20|2|25|15|5|21|4|43|8
9584,1|15|21|16|8|20|36|7|44|0
9612,2|20|7|21|15|14|17|16|9|25
9646,236|169|253|73|252|28|265|2|14|18
9648,14|5|21|15|17|0|7|44|20|36
9665,5|17|21|16|0|15|13|12|8|59
9668,48|79|2|261|14|44|49|166|15|13
9711,1|2|4|0|5|15|14|17|6|21
9720,1|2|63|9|14|101|20|7|201|50
9733,2|50|1|9|63|36|15|24|21|8
9796,2|1|15|77|5|14|24|17|16|43
9806,2|1|21|14|5|8|17|15|38|61
9831,14|1|7|13|5|15|20|17|44|16
9852,2|24|1|7|20|101|4|25|14|16
9873,190|279|2|8|1|14|15|79|38|48
9878,2|1|20|14|16|25|13|55|0|81
9889,23|2|107|1|5|14|15|17|7|21
9949,1|2|14|16|20|15|13|21|47|35
9954,1|2|77|7|0|20|56|16|44|14
9960,1|2|20|5|17|14|7|8|216|15
9961,2|7|0|5|14|20|15|17|21|13
9974,2|1|239|17|14|15|5|29|3|134
9978,2|5|14|21|17|62|31|188|0|15
giron.aptik@gmail.com,256|255|216|20|198|19|157|136|13|1
